Kelvin Green,5347
Kody Becker,8728
Roslyn Zemlak,3617
Remington Sporer,8567
Bulah DAmore,4262
Trent OConner,3796
Larry Schmitt,7012
Saige Kulas MD,4019
Lisa Glover,7258
Armani Kessler,3298
Marcelo Kris,8333
Otho Bauch DDS,3268
Lorenza Schmeler,4736
Beau Harber,8021
Gia Towne,8988
Abe Johnson Jr.,5688
Dave Wolff,6422
Myrtis Lebsack,6803
Kevon Lebsack,4764
Hunter Bogisich,5980
Ezekiel Parker,8580
Arturo Gottlieb,2538
Leonardo Braun,9187
Jacynthe Kutch,3133
Maxine Crooks,9373
Viva Goldner III,3033
Rozella DuBuque,7701
Rex Bergstrom,9989
Osvaldo Schimmel,5565
Savannah Hilpert,7935
Chyna Ryan,6020
Alexys Heller,8674
Gardner OConner,1781
Danika Hessel,2297
Alessia Russel,1458
Elza Ziemann,4923
Blair Dickinson,8083
Antonetta Mann,9733
Justina Block,6421
Elva Bergstrom,8151
Benedict Feil,4351
Elizabeth Erdman,1292
Johann Koepp MD,8389
Michelle Reilly,8009
Dorothy Runte,8511
Dr. Tate Herzog,9481
Erling Kreiger,7227
Frederik Kohler,1960
Lavina Stokes,3219
Kennedi Zulauf,4772
Ms. Reggie Kulas,7326
Adele Russel,3899
Kathlyn Feeney,5715
Michelle Treutel,1901
Michelle Kuhn,1401
Neal Kilback,1656
Allene Mueller,9587
Oswaldo Stracke,4422
Leone Schimmel,4472
Terry Mraz,9098
Christ Mante,8312
Javon Considine,1209
Dr. Sam Roob,8283
Faye Hahn,6610
Efrain Larson,6603
Mable Grimes,5926
Haylie Auer,5373
Elwin Blanda,2988
Dr. Ahmad Yost,2881
Corbin Blick,4550
Nannie Wisoky,6979
Dennis Sauer,6121
Whitney Schaefer,3095
Marcus Metz,8306
Berta Deckow,3659
Jamar Borer,6072
Ryan Balistreri,3611
Mr. Zoe Huel,7490
Buster Kiehn,4281
Chaim Durgan,5509
Juana Muller,3299
Brooks Medhurst,7920
Jewel Schultz,8003
Kieran Nienow V,6187
Rosetta Robel,5259
Giuseppe Howe,4763
Isabella Kozey,1642
Jedediah Mayer,7317
Alice Green,2841
Cloyd Fadel,4974
Delbert Larkin,5639
Randall Stehr,9487
Madonna Gaylord,6998
Tommie Fadel,8828
Chasity Schmitt,2746
Eryn Marks,5012
Tommie Barton,9383
Janis Hettinger,3262
Savannah Haley V,8432
Phyllis Waters,4546
